{"cameraMode":{"drawMode":0,"name":"Shaded","section":"Shading Mode"},"sceneLighting":true,"audioPlay":false,"sceneViewState":{"showFog":true,"showMaterialUpdate":false,"showSkybox":true,"showFlares":true,"showImageEffects":true,"showParticleSystems":true},"in2DMode":false,"pivot":{"x":0.15335892140865327,"y":-1.4578182697296143,"z":-4.839653015136719},"rotation":{"x":-0.15419362485408784,"y":0.002368506044149399,"z":-0.0003723234694916755,"w":-0.9880505204200745},"size":8.678646087646485,"orthographic":false}